Course Name,The campus in which course is taught,Duration of the course for the distance learning course,Duration of the course for full time course,Duration of the course for part time course,Fee for international people for the distance learning course,Fee for international people for the full time course,Fee for international people for the part time course,Fee for UK people for the distance learning course,Fee for UK people for the full time course,Fee for UK people for the part time course,Link for the latest relese for the course,Link for the distance learning course,Link for the full time course,Link for the part time course
"AI, Data and Communication MA","Harrow, North-West London",No_data,1 year,2 years,No_data,"£17,500","£1,985",No_data,"£9,700","£1,125",No_data,No_data,https://www.westminster.ac.uk/computer-science-and-engineering-data-science-and-informatics-media-and-communication-courses/2025-26/september/full-time/ai-data-and-communication-ma,https://www.westminster.ac.uk/computer-science-and-engineering-data-science-and-informatics-media-and-communication-courses/2025-26/september/part-time-day-evening/ai-data-and-communication-ma
Accounting BSc Honours,"Marylebone, Central London",No_data,3 or 4 years,No_data,No_data,"£17,000",No_data,No_data,"£9,250",No_data,No_data,No_data,https://www.westminster.ac.uk/accounting-and-finance-courses/2025-26/september/full-time/accounting-bsc-honours,No_data
Accounting and Business Management BA Honours,"Marylebone, Central London",No_data,3 or 4 years,No_data,No_data,"£17,000",No_data,No_data,"£9,250",No_data,No_data,No_data,https://www.westminster.ac.uk/accounting-and-finance-business-and-management-courses/2025-26/september/full-time/accounting-and-business-management-ba-honours,No_data
Air Transport Planning and Management MSc,"Marylebone, Central London",No_data,1 year,No_data,No_data,"£15,500",No_data,No_data,"£9,700",No_data,https://www.westminster.ac.uk/transport-and-logistics-courses/2025-26/september/block-release/air-transport-planning-and-management-msc,No_data,https://www.westminster.ac.uk/transport-and-logistics-courses/2025-26/september/full-time/air-transport-planning-and-management-msc,No_data
Animation BA Honours,"Harrow, North-West London",No_data,3 or 4 years,No_data,No_data,"£17,000",No_data,No_data,"£9,250",No_data,No_data,No_data,https://www.westminster.ac.uk/art-design-and-visual-culture-film-and-television-media-and-communication-courses/2025-26/september/full-time/animation-ba-honours,No_data
Animation with Foundation BA Honours,"Harrow, North-West London",No_data,4 or 5 years,No_data,No_data,"£17,000",No_data,No_data,"£9,250",No_data,No_data,No_data,https://www.westminster.ac.uk/art-design-and-visual-culture-film-and-television-media-and-communication-courses/2025-26/september/full-time/animation-with-foundation-ba-honours,No_data
Applied Biomedical Science BSc Honours,"Cavendish, Central London",No_data,No_data,4 years,No_data,No_data,"£2,830",No_data,No_data,"£1,540",No_data,No_data,No_data,https://www.westminster.ac.uk/biological-and-biomedical-sciences-courses/2025-26/september/part-time-day-release/applied-biomedical-science-bsc-honours
Applied Biotechnology MSc,"Cavendish, Central London",No_data,1 year,No_data,No_data,"£17,600",No_data,No_data,"£10,700",No_data,No_data,No_data,https://www.westminster.ac.uk/biological-and-biomedical-sciences-courses/2025-26/september/full-time/applied-biotechnology-msc,No_data
Arabic and English BA Honours,"Regent, Central London",No_data,3 or 4 years,5 years,No_data,"£17,000","£2,830",No_data,"£9,250","£1,540",No_data,No_data,https://www.westminster.ac.uk/english-and-creative-writing-languages-courses/2025-26/september/full-time/arabic-and-english-ba-honours,https://www.westminster.ac.uk/languages-courses/2025-26/september/part-time-day/arabic-and-english-ba-honours
Arabic and International Business BA Honours,"Regent, Central London",No_data,3 or 4 years,No_data,No_data,"£17,000",No_data,No_data,"£9,250",No_data,No_data,No_data,https://www.westminster.ac.uk/business-and-management-languages-courses/2025-26/september/full-time/arabic-and-international-business-ba-honours,No_data
Arabic and International Communication BA Honours,"Regent, Central London",No_data,3 or 4 years,No_data,No_data,"£17,000",No_data,No_data,"£9,250",No_data,No_data,No_data,https://www.westminster.ac.uk/languages-courses/2025-26/september/full-time/arabic-and-international-communication-ba-honours,No_data
Arabic and International Communication with Foundation BA Honours,"Regent, Central London",No_data,4 or 5 years,No_data,No_data,"£17,000",No_data,No_data,"£9,250",No_data,No_data,No_data,https://www.westminster.ac.uk/languages-courses/2025-26/september/full-time/arabic-and-international-communication-with-foundation-ba-honours,No_data
Arabic and International Relations BA Honours,"Regent, Central London",No_data,3 or 4 years,5 years,No_data,"£17,000","£2,830",No_data,"£9,250","£1,540",No_data,No_data,https://www.westminster.ac.uk/languages-politics-and-international-relations-courses/2025-26/september/full-time/arabic-and-international-relations-ba-honours,https://www.westminster.ac.uk/languages-politics-and-international-relations-courses/2025-26/september/part-time-day/arabic-and-international-relations-ba-honours
Arabic and Linguistics BA Honours,"Regent, Central London",No_data,3 or 4 years,5 years,No_data,"£17,000","£2,830",No_data,"£9,250","£1,540",No_data,No_data,https://www.westminster.ac.uk/languages-courses/2025-26/september/full-time/arabic-and-linguistics-ba-honours,https://www.westminster.ac.uk/languages-courses/2025-26/september/part-time-day/arabic-and-linguistics-ba-honours
Architectural Technology BSc Honours,"Marylebone, Central London",No_data,3 or 4 years,No_data,No_data,"£17,000",No_data,No_data,"£9,250",No_data,No_data,No_data,https://www.westminster.ac.uk/architecture-interiors-and-urban-design-courses/2025-26/september/full-time/architectural-technology-bsc-honours,No_data
Architectural Technology with Foundation BSc Honours,"Marylebone, Central London",No_data,4 or 5 years,No_data,No_data,"£17,000",No_data,No_data,"£9,250",No_data,No_data,No_data,https://www.westminster.ac.uk/architecture-interiors-and-urban-design-courses/2025-26/september/full-time/architectural-technology-with-foundation-bsc-honours,No_data
Architecture & Sustainable Heritage MA,"Marylebone, Central London",No_data,1 year,2 years,No_data,"£15,500","£1,785",No_data,"£9,700","£1,125",No_data,No_data,https://www.westminster.ac.uk/architecture-interiors-and-urban-design-courses/2025-26/september/full-time/architecture-sustainable-heritage-ma,https://www.westminster.ac.uk/architecture-interiors-and-urban-design-courses/2025-26/september/part-time-day/architecture-sustainable-heritage-ma
Architecture BA Honours,"Marylebone, Central London",No_data,3 or 4 years,No_data,No_data,"£17,000",No_data,No_data,"£9,250",No_data,No_data,No_data,https://www.westminster.ac.uk/architecture-interiors-and-urban-design-courses/2025-26/september/full-time/architecture-ba-honours,No_data
Architecture MA,"Marylebone, Central London",No_data,1 year,2 years,No_data,"£15,500","£1,785",No_data,"£9,700","£1,125",No_data,No_data,https://www.westminster.ac.uk/architecture-interiors-and-urban-design-courses/2025-26/september/full-time/architecture-ma,https://www.westminster.ac.uk/architecture-interiors-and-urban-design-courses/2025-26/september/part-time-day/architecture-ma
Architecture Postgraduate Diploma Professional Practice (RIBA Part III),"Marylebone, Central London",No_data,No_data,1 year,No_data,No_data,£600,No_data,No_data,£600,No_data,No_data,No_data,https://www.westminster.ac.uk/architecture-interiors-and-urban-design-courses/2025-26/september/part-time-evening-only/architecture-postgraduate-diploma-professional-practice-riba-part-iii
Architecture and Environmental Design BSc Honours,"Marylebone, Central London",No_data,3 or 4 years,No_data,No_data,"£17,000",No_data,No_data,"£9,250",No_data,No_data,No_data,https://www.westminster.ac.uk/architecture-interiors-and-urban-design-courses/2025-26/september/full-time/architecture-and-environmental-design-bsc-honours,No_data
Architecture and Environmental Design MSc,"Marylebone, Central London",No_data,1 year,2 years,No_data,"£15,500","£1,785",No_data,"£11,700","£1,325",No_data,No_data,https://www.westminster.ac.uk/architecture-interiors-and-urban-design-courses/2025-26/september/full-time/architecture-and-environmental-design-msc,https://www.westminster.ac.uk/architecture-interiors-and-urban-design-courses/2025-26/september/part-time-day/architecture-and-environmental-design-msc
Architecture and Environmental Design Postgraduate Certificate,"Marylebone, Central London",No_data,No_data,1 year,No_data,No_data,"£5,355",No_data,No_data,"£3,975",No_data,No_data,No_data,https://www.westminster.ac.uk/architecture-interiors-and-urban-design-courses/2025-26/september/part-time-day/architecture-and-environmental-design-postgraduate-certificate
Architecture and Environmental Design with Foundation BSc Honours,"Marylebone, Central London",No_data,4 or 5 years,No_data,No_data,"£17,000",No_data,No_data,"£9,250",No_data,No_data,No_data,https://www.westminster.ac.uk/architecture-interiors-and-urban-design-courses/2025-26/september/full-time/architecture-and-environmental-design-with-foundation-bsc-honours,No_data
Architecture with Foundation BA Honours,"Marylebone, Central London",No_data,4 or 5 years,No_data,No_data,"£17,000",No_data,No_data,"£9,250",No_data,No_data,No_data,https://www.westminster.ac.uk/architecture-interiors-and-urban-design-courses/2025-26/september/full-time/architecture-with-foundation-ba-honours,No_data
Art and Emerging Technologies MA,"Harrow, North-West London",No_data,1 year,2 years,No_data,"£15,500","£1,785",No_data,"£11,700","£1,325",No_data,No_data,https://www.westminster.ac.uk/art-design-and-visual-culture-courses/2025-26/september/full-time/art-and-emerging-technologies-ma,https://www.westminster.ac.uk/art-design-and-visual-culture-courses/2025-26/september/part-time-day/art-and-emerging-technologies-ma
Art and Visual Culture MA,"Regent, Central London",No_data,1 year,2 years,No_data,"£17,500","£8,750",No_data,"£9,700","£4,850",No_data,No_data,https://www.westminster.ac.uk/art-design-and-visual-culture-courses/2025-26/september/full-time/art-and-visual-culture-ma,https://www.westminster.ac.uk/art-design-and-visual-culture-courses/2025-26/september/part-time-day/art-and-visual-culture-ma
Artificial Intelligence and Digital Health MSc,"Cavendish, Central London",No_data,1 year,2 years,No_data,"£17,500","£1,985",No_data,"£10,700","£1,225",No_data,No_data,https://www.westminster.ac.uk/biological-and-biomedical-sciences-data-science-and-informatics-courses/2025-26/september/full-time/artificial-intelligence-and-digital-health-msc,https://www.westminster.ac.uk/biological-and-biomedical-sciences-data-science-and-informatics-courses/2025-26/september/part-time-day/artificial-intelligence-and-digital-health-msc
Audio Production MA,"Harrow, North-West London",No_data,1 year,2 years,No_data,"£15,500","£1,785",No_data,"£10,700","£1,225",No_data,No_data,https://www.westminster.ac.uk/music-courses/2025-26/september/full-time/audio-production-ma,https://www.westminster.ac.uk/music-courses/2025-26/september/part-time-day/audio-production-ma
Big Data Technologies MSc,"Cavendish, Central London",No_data,1 year,2 years,No_data,"£17,500","£1,985",No_data,"£10,700","£1,225",No_data,No_data,https://www.westminster.ac.uk/computer-science-and-engineering-data-science-and-informatics-courses/2025-26/september/full-time/big-data-technologies-msc,https://www.westminster.ac.uk/computer-science-and-engineering-data-science-and-informatics-courses/2025-26/september/part-time-day/big-data-technologies-msc
Biochemistry BSc Honours,"Cavendish, Central London",No_data,3 or 4 years,No_data,No_data,"£17,000",No_data,No_data,"£9,250",No_data,No_data,No_data,https://www.westminster.ac.uk/biological-and-biomedical-sciences-courses/2025-26/september/full-time/biochemistry-bsc-honours,No_data
Biochemistry with Foundation BSc Honours,"Cavendish, Central London",No_data,4 or 5 years,No_data,No_data,"£17,000",No_data,No_data,"£9,250",No_data,No_data,No_data,https://www.westminster.ac.uk/biological-and-biomedical-sciences-courses/2025-26/september/full-time/biochemistry-with-foundation-bsc-honours,No_data
Biological Sciences BSc Honours,"Cavendish, Central London",No_data,3 or 4 years,No_data,No_data,"£17,000",No_data,No_data,"£9,250",No_data,No_data,No_data,https://www.westminster.ac.uk/biological-and-biomedical-sciences-courses/2025-26/september/full-time/biological-sciences-bsc-honours,No_data
Biological Sciences with Foundation BSc Honours,"Cavendish, Central London",No_data,4 or 5 years,No_data,No_data,"£17,000",No_data,No_data,"£9,250",No_data,No_data,No_data,https://www.westminster.ac.uk/biological-and-biomedical-sciences-courses/2025-26/september/full-time/biological-sciences-with-foundation-bsc-honours,No_data
Biomedical Science BSc Honours,"Cavendish, Central London",No_data,3 or 4 years,No_data,No_data,"£17,000",No_data,No_data,"£9,250",No_data,No_data,No_data,https://www.westminster.ac.uk/biological-and-biomedical-sciences-courses/2025-26/september/full-time/biomedical-science-bsc-honours,No_data
Biomedical Science MSc,"Cavendish, Central London",No_data,1 year,2-5 years,No_data,"£17,500","£1,750",No_data,"£10,700","£1,070",No_data,No_data,https://www.westminster.ac.uk/biological-and-biomedical-sciences-courses/2025-26/september/full-time/biomedical-science-msc,https://www.westminster.ac.uk/biological-and-biomedical-sciences-courses/2025-26/september/part-time-day/biomedical-science-msc
Biomedical Science with Foundation BSc Honours,"Cavendish, Central London",No_data,4 or 5 years,No_data,No_data,"£17,000",No_data,No_data,"£9,250",No_data,No_data,No_data,https://www.westminster.ac.uk/biological-and-biomedical-sciences-courses/2025-26/september/full-time/biomedical-science-with-foundation-bsc-honours,No_data
Biomedical and Physiological Sciences FDSc,"Cavendish, Central London",3 years,No_data,No_data,"£2,830",No_data,No_data,"£1,540",No_data,No_data,No_data,https://www.westminster.ac.uk/biological-and-biomedical-sciences-courses/2025-26/september/open-distance-learning/biomedical-and-physiological-sciences-fdsc,No_data,No_data
Business Information Systems BSc Honours,"Cavendish, Central London",No_data,3 or 4 years,No_data,No_data,"£17,000",No_data,No_data,"£9,250",No_data,No_data,No_data,https://www.westminster.ac.uk/computer-science-and-engineering-data-science-and-informatics-courses/2025-26/september/full-time/business-information-systems-bsc-honours,No_data
Business Information Systems with Foundation BSc Honours,"Cavendish, Central London",No_data,4 or 5 years,No_data,No_data,"£17,000",No_data,No_data,"£9,250",No_data,No_data,No_data,https://www.westminster.ac.uk/computer-science-and-engineering-data-science-and-informatics-courses/2025-26/september/full-time/business-information-systems-with-foundation-bsc-honours,No_data
Business Management (Digital Business) BA Honours,"Marylebone, Central London",No_data,3 or 4 years,No_data,No_data,"£17,000",No_data,No_data,"£9,250",No_data,No_data,No_data,https://www.westminster.ac.uk/business-and-management-courses/2025-26/september/full-time/business-management-digital-business-ba-honours,No_data
Business Management (Entrepreneurship) BA Honours,"Marylebone, Central London",No_data,3 or 4 years,No_data,No_data,"£17,000",No_data,No_data,"£9,250",No_data,No_data,No_data,https://www.westminster.ac.uk/business-and-management-courses/2025-26/september/full-time/business-management-entrepreneurship-ba-honours,No_data
Business Management (Human Resource Management) BA Honours,"Marylebone, Central London",No_data,3 or 4 years,No_data,No_data,"£17,000",No_data,No_data,"£9,250",No_data,No_data,No_data,https://www.westminster.ac.uk/business-and-management-courses/2025-26/september/full-time/business-management-human-resource-management-ba-honours,No_data
Business Management (Marketing) BA Honours,"Marylebone, Central London",No_data,3 or 4 years,No_data,No_data,"£17,000",No_data,No_data,"£9,250",No_data,No_data,No_data,https://www.westminster.ac.uk/business-and-management-marketing-courses/2025-26/september/full-time/business-management-marketing-ba-honours,No_data
Business Management BA Honours,"Marylebone, Central London",No_data,3 or 4 years,No_data,No_data,"£17,000",No_data,No_data,"£9,250",No_data,No_data,No_data,https://www.westminster.ac.uk/business-and-management-courses/2025-26/september/full-time/business-management-ba-honours,No_data
Business Management with Foundation BA Honours,"Marylebone, Central London",No_data,4 or 5 years,No_data,No_data,"£17,000",No_data,No_data,"£9,250",No_data,No_data,No_data,https://www.westminster.ac.uk/business-and-management-courses/2025-26/september/full-time/business-management-with-foundation-ba-honours,No_data
Business and Organisational Psychology MSc,"Marylebone, Central London",No_data,1 year,2 years,No_data,"£15,000","£7,750",No_data,"£12,700","£6,350",No_data,No_data,https://www.westminster.ac.uk/business-and-management-psychology-courses/2025-26/september/full-time/business-and-organisational-psychology-msc,https://www.westminster.ac.uk/business-and-management-psychology-courses/2025-26/september/part-time-day-evening/business-and-organisational-psychology-msc
Business of Film MA,"Regent, Central London",No_data,1 year,2 years,No_data,"£19,250","£1,925",No_data,"£16,700","£1,400",No_data,No_data,https://www.westminster.ac.uk/business-and-management-film-and-television-courses/2025-26/september/full-time/business-of-film-ma,https://www.westminster.ac.uk/business-and-management-film-and-television-courses/2025-26/september/part-time-day-evening/business-of-film-ma
Chinese and English BA Honours,"Regent, Central London",No_data,3 or 4 years,5 years,No_data,"£17,000","£2,830",No_data,"£9,250","£1,540",No_data,No_data,https://www.westminster.ac.uk/english-and-creative-writing-languages-courses/2025-26/september/full-time/chinese-and-english-ba-honours,https://www.westminster.ac.uk/languages-courses/2025-26/september/part-time-day/chinese-and-english-ba-honours
Chinese and International Business BA Honours,"Regent, Central London",No_data,3 or 4 years,No_data,No_data,"£17,000",No_data,No_data,"£9,250",No_data,No_data,No_data,https://www.westminster.ac.uk/business-and-management-languages-courses/2025-26/september/full-time/chinese-and-international-business-ba-honours,No_data
Chinese and International Communication BA Honours,"Regent, Central London",No_data,3 or 4 years,No_data,No_data,"£17,000",No_data,No_data,"£9,250",No_data,No_data,No_data,https://www.westminster.ac.uk/languages-courses/2025-26/september/full-time/chinese-and-international-communication-ba-honours,No_data
Chinese and International Communication with Foundation BA Honours,"Regent, Central London",No_data,4 or 5 years,No_data,No_data,"£17,000",No_data,No_data,"£9,250",No_data,No_data,No_data,https://www.westminster.ac.uk/languages-courses/2025-26/september/full-time/chinese-and-international-communication-with-foundation-ba-honours,No_data
Chinese and International Relations BA Honours,"Regent, Central London",No_data,3 or 4 years,5 years,No_data,"£17,000","£2,830",No_data,"£9,250","£1,540",No_data,No_data,https://www.westminster.ac.uk/languages-politics-and-international-relations-courses/2025-26/september/full-time/chinese-and-international-relations-ba-honours,https://www.westminster.ac.uk/languages-politics-and-international-relations-courses/2025-26/september/part-time-day/chinese-and-international-relations-ba-honours
Chinese and Linguistics BA Honours,"Regent, Central London",No_data,3 or 4 years,5 years,No_data,"£17,000","£2,830",No_data,"£9,250","£1,540",No_data,No_data,https://www.westminster.ac.uk/languages-courses/2025-26/september/full-time/chinese-and-linguistics-ba-honours,https://www.westminster.ac.uk/languages-courses/2025-26/september/part-time-day/chinese-and-linguistics-ba-honours
Cognitive and Clinical Neuroscience BSc Honours,"Cavendish, Central London",No_data,3 or 4 years,No_data,No_data,"£17,000",No_data,No_data,"£9,250",No_data,No_data,No_data,https://www.westminster.ac.uk/psychology-courses/2025-26/september/full-time/cognitive-and-clinical-neuroscience-bsc-honours,No_data
Communication MA,"Harrow, North-West London",No_data,1 year,2 years,No_data,"£17,500","£1,985",No_data,"£9,700","£1,125",No_data,No_data,https://www.westminster.ac.uk/media-and-communication-courses/2025-26/september/full-time/communication-ma,https://www.westminster.ac.uk/media-and-communication-courses/2025-26/september/part-time-day/communication-ma
Computer Games Development BSc Honours,"Cavendish, Central London",No_data,3 or 4 years,No_data,No_data,"£17,000",No_data,No_data,"£9,250",No_data,No_data,No_data,https://www.westminster.ac.uk/computer-science-and-engineering-courses/2025-26/september/full-time/computer-games-development-bsc-honours,No_data
Computer Games Development with Foundation BSc Honours,"Cavendish, Central London",No_data,4 or 5 years,No_data,No_data,"£17,000",No_data,No_data,"£9,250",No_data,No_data,No_data,https://www.westminster.ac.uk/computer-science-and-engineering-courses/2025-26/september/full-time/computer-games-development-with-foundation-bsc-honours,No_data
Computer Science BSc Honours,"Cavendish, Central London",No_data,3 or 4 years,No_data,No_data,"£17,000",No_data,No_data,"£9,250",No_data,No_data,No_data,https://www.westminster.ac.uk/computer-science-and-engineering-courses/2025-26/september/full-time/computer-science-bsc-honours,No_data
Computer Science with Foundation BSc Honours,"Cavendish, Central London",No_data,4 or 5 years,No_data,No_data,"£17,000",No_data,No_data,"£9,250",No_data,No_data,No_data,https://www.westminster.ac.uk/computer-science-and-engineering-courses/2025-26/september/full-time/computer-science-with-foundation-bsc-honours,No_data
Construction Management BSc Honours,"Marylebone, Central London",No_data,3 or 4 years,No_data,No_data,"£17,000",No_data,No_data,"£9,250",No_data,No_data,No_data,https://www.westminster.ac.uk/construction-surveying-and-real-estate-courses/2025-26/september/full-time/construction-management-bsc-honours,No_data
Construction Management with Foundation BSc Honours,"Marylebone, Central London",No_data,4 or 5 years,No_data,No_data,"£17,000",No_data,No_data,"£9,250",No_data,No_data,No_data,https://www.westminster.ac.uk/construction-surveying-and-real-estate-courses/2025-26/september/full-time/construction-management-with-foundation-bsc-honours,No_data
Construction Project Management MSc,"Marylebone, Central London",No_data,1 year,No_data,No_data,"£17,500",No_data,No_data,"£14,700",No_data,No_data,No_data,https://www.westminster.ac.uk/construction-surveying-and-real-estate-courses/2025-26/september/full-time/construction-project-management-msc,No_data
Contemporary Retail BA Honours,"Marylebone, Central London",No_data,3 or 4 years,No_data,No_data,"£17,000",No_data,No_data,"£9,250",No_data,No_data,No_data,https://www.westminster.ac.uk/business-and-management-marketing-courses/2025-26/september/full-time/contemporary-retail-ba-honours,No_data
Corporate Finance Law LLM,"Regent, Central London",No_data,1 year,2 years,No_data,"£17,500","£8,750",No_data,"£12,700","£6,350",No_data,No_data,https://www.westminster.ac.uk/law-courses/2025-26/september/full-time/corporate-finance-law-llm,https://www.westminster.ac.uk/law-courses/2025-26/september/part-time-day-evening/corporate-finance-law-llm
Counselling PGDip,"Cavendish, Central London",No_data,No_data,2 years,No_data,No_data,"£5,500",No_data,No_data,"£4,250",No_data,No_data,No_data,https://www.westminster.ac.uk/psychology-courses/2025-26/september/part-time-day/counselling-pgdip
Creative Computing BSc Honours,"Cavendish, Central London",No_data,3 or 4 years,No_data,No_data,"£17,000",No_data,No_data,"£9,250",No_data,No_data,No_data,https://www.westminster.ac.uk/computer-science-and-engineering-courses/2025-26/september/full-time/creative-computing-bsc-honours-0,No_data
Creative Computing with Foundation BSc Honours,"Cavendish, Central London",No_data,4 or 5 years,No_data,No_data,"£17,000",No_data,No_data,"£9,250",No_data,No_data,No_data,https://www.westminster.ac.uk/computer-science-and-engineering-courses/2025-26/september/full-time/creative-computing-with-foundation-bsc-honours,No_data
Creative Media Arts BA Honours,"Harrow, North-West London",No_data,3 or 4 years,No_data,No_data,"£17,000",No_data,No_data,"£9,250",No_data,No_data,No_data,https://www.westminster.ac.uk/art-design-and-visual-culture-media-and-communication-courses/2025-26/september/full-time/creative-media-arts-ba-honours,No_data
Creative Media Arts with Foundation BA Honours,"Harrow, North-West London",No_data,4 or 5 years,No_data,No_data,"£17,000",No_data,No_data,"£9,250",No_data,No_data,No_data,https://www.westminster.ac.uk/art-design-and-visual-culture-media-and-communication-courses/2025-26/september/full-time/creative-media-arts-with-foundation-ba-honours,No_data
Creative Writing and English Language BA Honours,"Regent, Central London",No_data,3 years,6 years,No_data,"£17,000","£2,830",No_data,"£9,250","£1,540",No_data,No_data,https://www.westminster.ac.uk/english-and-creative-writing-courses/2025-26/september/full-time/creative-writing-and-english-language-ba-honours,https://www.westminster.ac.uk/english-and-creative-writing-courses/2025-26/september/part-time-day/creative-writing-and-english-language-ba-honours
Creative Writing and English Literature BA Honours,"Regent, Central London",No_data,3 years,6 years,No_data,"£17,000","£2,830",No_data,"£9,250","£1,540",No_data,No_data,https://www.westminster.ac.uk/english-and-creative-writing-courses/2025-26/september/full-time/creative-writing-and-english-literature-ba-honours,https://www.westminster.ac.uk/english-and-creative-writing-courses/2025-26/september/part-time-day/creative-writing-and-english-literature-ba-honours
Creative Writing and English Literature with Foundation BA Honours,"Regent, Central London",No_data,4 years,No_data,No_data,"£17,000",No_data,No_data,"£9,250",No_data,No_data,No_data,https://www.westminster.ac.uk/english-and-creative-writing-courses/2025-26/september/full-time/creative-writing-and-english-literature-with-foundation-ba-honours,No_data
Creative Writing: Writing the City MA,"Regent, Central London",No_data,1 year,2 years,No_data,"£17,500","£8,750",No_data,"£9,700","£4,850",No_data,No_data,https://www.westminster.ac.uk/english-and-creative-writing-courses/2025-26/september/full-time/creative-writing-writing-the-city-ma,https://www.westminster.ac.uk/english-and-creative-writing-courses/2025-26/september/part-time-day/creative-writing-writing-the-city-ma
Creative and Professional Writing BA Honours,"Regent, Central London",No_data,3 or 4 years,6-7 years,No_data,"£17,000","£2,830",No_data,"£9,250","£1,540",No_data,No_data,https://www.westminster.ac.uk/english-and-creative-writing-courses/2025-26/september/full-time/creative-and-professional-writing-ba-honours,https://www.westminster.ac.uk/english-and-creative-writing-courses/2025-26/september/part-time-day/creative-and-professional-writing-ba-honours
Criminology BA Honours,"Regent, Central London",No_data,3 or 4 years,5 years,No_data,"£17,000","£2,830",No_data,"£9,250","£1,540",No_data,No_data,https://www.westminster.ac.uk/criminology-and-sociology-courses/2025-26/september/full-time/criminology-ba-honours,https://www.westminster.ac.uk/criminology-and-sociology-courses/2025-26/september/part-time-day/criminology-ba-honours
Criminology with Foundation BA Honours,"Regent, Central London",No_data,4 or 5 years,No_data,No_data,"£17,000",No_data,No_data,"£9,250",No_data,No_data,No_data,https://www.westminster.ac.uk/criminology-and-sociology-courses/2025-26/september/full-time/criminology-with-foundation-ba-honours,No_data
Cultural and Critical Studies MA,"Regent, Central London",No_data,1 year,2 years,No_data,"£17,500","£8,750",No_data,"£9,700","£4,850",No_data,No_data,https://www.westminster.ac.uk/art-design-and-visual-culture-english-and-creative-writing-courses/2025-26/september/full-time/cultural-and-critical-studies-ma,https://www.westminster.ac.uk/art-design-and-visual-culture-english-and-creative-writing-courses/2025-26/september/part-time-day/cultural-and-critical-studies-ma
"Culture, Environment and Social Change BA Honours","Regent, Central London",No_data,3 or 4 years,6-7 years,No_data,"£17,000","£2,830",No_data,"£9,250","£1,540",No_data,No_data,https://www.westminster.ac.uk/criminology-and-sociology-english-and-creative-writing-politics-and-international-relations-courses/2025-26/september/full-time/culture-environment-and-social-change-ba-honours,https://www.westminster.ac.uk/criminology-and-sociology-english-and-creative-writing-politics-and-international-relations-courses/2025-26/september/part-time-day/culture-environment-and-social-change-ba-honours
Cyber Security and Forensics BSc Honours,"Cavendish, Central London",No_data,3 or 4 years,No_data,No_data,"£17,000",No_data,No_data,"£9,250",No_data,No_data,No_data,https://www.westminster.ac.uk/computer-science-and-engineering-courses/2025-26/september/full-time/cyber-security-and-forensics-bsc-honours,No_data
Cyber Security and Forensics MSc,"Cavendish, Central London",No_data,1 year,2 years,No_data,"£17,500","£1,985",No_data,"£10,700","£1,225",No_data,No_data,https://www.westminster.ac.uk/computer-science-and-engineering-courses/2025-26/september/full-time/cyber-security-and-forensics-msc,https://www.westminster.ac.uk/computer-science-and-engineering-courses/2025-26/september/part-time-day/cyber-security-and-forensics-msc
Cyber Security and Forensics with Foundation BSc Honours,"Cavendish, Central London",No_data,4 or 5 years,No_data,No_data,"£17,000",No_data,No_data,"£9,250",No_data,No_data,No_data,https://www.westminster.ac.uk/computer-science-and-engineering-courses/2025-26/september/full-time/cyber-security-and-forensics-with-foundation-bsc-honours,No_data
Data Science and Analytics BSc Honours,"Cavendish, Central London",No_data,3 or 4 years,No_data,No_data,"£17,000",No_data,No_data,"£9,250",No_data,No_data,No_data,https://www.westminster.ac.uk/computer-science-and-engineering-data-science-and-informatics-courses/2025-26/september/full-time/data-science-and-analytics-bsc-honours,No_data
Data Science and Analytics MSc,"Cavendish, Central London",No_data,1 year,2 years,No_data,"£17,500","£1,985",No_data,"£10,700","£1,225",No_data,No_data,https://www.westminster.ac.uk/computer-science-and-engineering-data-science-and-informatics-courses/2025-26/september/full-time/data-science-and-analytics-msc,https://www.westminster.ac.uk/computer-science-and-engineering-data-science-and-informatics-courses/2025-26/september/part-time-day/data-science-and-analytics-msc
Data Science and Analytics with Foundation BSc Honours,"Cavendish, Central London",No_data,4 years,No_data,No_data,"£17,000",No_data,No_data,"£9,250",No_data,No_data,No_data,https://www.westminster.ac.uk/computer-science-and-engineering-data-science-and-informatics-courses/2025-26/september/full-time/data-science-and-analytics-with-foundation-bsc-honours,No_data
Data and Marketing Analytics MSc,"Marylebone, Central London",No_data,1 year,No_data,No_data,"£19,000",No_data,No_data,"£16,500",No_data,No_data,No_data,https://www.westminster.ac.uk/marketing-courses/2024-25/january/full-time/data-and-marketing-analytics-msc,No_data
Digital Business MSc,"Marylebone, Central London",No_data,1 year,No_data,No_data,"£17,500",No_data,No_data,"£14,700",No_data,No_data,No_data,https://www.westminster.ac.uk/business-and-management-courses/2025-26/september/full-time/digital-business-msc,No_data
Digital Marketing BA Honours,"Marylebone, Central London",No_data,3 or 4 years,No_data,No_data,"£17,000",No_data,No_data,"£9,250",No_data,No_data,No_data,https://www.westminster.ac.uk/marketing-courses/2025-26/september/full-time/digital-marketing-ba-honours,No_data
Digital Marketing Management MSc,"Marylebone, Central London",No_data,1 year,No_data,No_data,"£19,500",No_data,No_data,"£16,700",No_data,No_data,No_data,https://www.westminster.ac.uk/marketing-courses/2025-26/september/full-time/digital-marketing-management-msc,No_data
Digital Media Production BA Honours,"Harrow, North-West London",No_data,3 or 4 years,No_data,No_data,"£17,000",No_data,No_data,"£9,250",No_data,No_data,No_data,https://www.westminster.ac.uk/media-and-communication-courses/2025-26/september/full-time/digital-media-production-ba-honours,No_data
Digital Media and Communication BA Honours,"Harrow, North-West London",No_data,3 or 4 years,No_data,No_data,"£17,000",No_data,No_data,"£9,250",No_data,No_data,No_data,https://www.westminster.ac.uk/media-and-communication-courses/2025-26/september/full-time/digital-media-and-communication-ba-honours,No_data
Digital Media and Journalism BA Honours,"Harrow, North-West London",No_data,3 or 4 years,No_data,No_data,"£17,000",No_data,No_data,"£9,250",No_data,No_data,No_data,https://www.westminster.ac.uk/media-and-communication-courses/2025-26/september/full-time/digital-media-and-journalism-ba-honours,No_data
"Digital Media, Public Relations and Advertising BA Honours","Harrow, North-West London",No_data,3 or 4 years,No_data,No_data,"£17,000",No_data,No_data,"£9,250",No_data,No_data,No_data,https://www.westminster.ac.uk/media-and-communication-courses/2025-26/september/full-time/digital-media-public-relations-and-advertising-ba-honours,No_data
Digital Media: Storytelling and Production MA,"Harrow, North-West London",No_data,1 year,No_data,No_data,"£17,500",No_data,No_data,"£9,700",No_data,No_data,No_data,https://www.westminster.ac.uk/media-and-communication-courses/2025-26/september/full-time/digital-media-storytelling-and-production-ma,No_data
Diplomacy and Global Politics MA,"Regent, Central London",No_data,1 year,2 years,No_data,"£17,500","£8,750",No_data,"£10,700","£5,350",No_data,No_data,https://www.westminster.ac.uk/politics-and-international-relations-courses/2025-26/september/full-time/diplomacy-and-global-politics-ma,https://www.westminster.ac.uk/politics-and-international-relations-courses/2025-26/september/part-time-day/diplomacy-and-global-politics-ma
Economic Policy and Analysis MSc,"Marylebone, Central London",No_data,1 year,No_data,No_data,"£13,500",No_data,No_data,"£11,700",No_data,No_data,No_data,https://www.westminster.ac.uk/economics-courses/2025-26/september/full-time/economic-policy-and-analysis-msc,No_data
Economics BSc Honours,"Marylebone, Central London",No_data,3 or 4 years,No_data,No_data,"£17,000",No_data,No_data,"£9,250",No_data,No_data,No_data,https://www.westminster.ac.uk/economics-courses/2025-26/september/full-time/economics-bsc-honours,No_data
Economics and Management BA Honours,"Marylebone, Central London",No_data,3 or 4 years,No_data,No_data,"£17,000",No_data,No_data,"£9,250",No_data,No_data,No_data,https://www.westminster.ac.uk/business-and-management-economics-courses/2025-26/september/full-time/economics-and-management-ba-honours,No_data
Energy and Environmental Design Postgraduate Certificate,"Marylebone, Central London",No_data,No_data,1 year,No_data,No_data,"£5,355",No_data,No_data,"£3,975",No_data,No_data,No_data,https://www.westminster.ac.uk/architecture-interiors-and-urban-design-courses/2025-26/september/part-time-day/energy-and-environmental-design-postgraduate-certificate
English Language and International Communication BA Honours,"Regent, Central London",No_data,3 or 4 years,6 years,No_data,"£17,000","£2,830",No_data,"£9,250","£1,540",No_data,No_data,https://www.westminster.ac.uk/english-and-creative-writing-languages-courses/2025-26/september/full-time/english-language-and-international-communication-ba-honours,https://www.westminster.ac.uk/english-and-creative-writing-languages-courses/2025-26/september/part-time-day/english-language-and-international-communication-ba-honours
English Language and Linguistics BA Honours,"Regent, Central London",No_data,3 years,6 years,No_data,"£17,000","£2,830",No_data,"£9,250","£1,540",No_data,No_data,https://www.westminster.ac.uk/english-and-creative-writing-courses/2025-26/september/full-time/english-language-and-linguistics-ba-honours,https://www.westminster.ac.uk/english-and-creative-writing-courses/2025-26/september/part-time-day/english-language-and-linguistics-ba-honours
English Language and Linguistics MA,"Regent, Central London",No_data,1 year,2 years,No_data,"£17,500","£8,750",No_data,"£9,700","£4,850",No_data,No_data,https://www.westminster.ac.uk/english-and-creative-writing-courses/2025-26/september/full-time/english-language-and-linguistics-ma,https://www.westminster.ac.uk/english-and-creative-writing-courses/2025-26/september/part-time-day/english-language-and-linguistics-ma
English Language and Linguistics with Foundation BA Honours,"Regent, Central London",No_data,4 years,No_data,No_data,"£17,000",No_data,No_data,"£9,250",No_data,No_data,No_data,https://www.westminster.ac.uk/english-and-creative-writing-courses/2025-26/september/full-time/english-language-and-linguistics-with-foundation-ba-honours,No_data
English Language and Literature MA,"Regent, Central London",No_data,1 year,2 years,No_data,"£17,500","£8,750",No_data,"£9,700","£4,850",No_data,No_data,https://www.westminster.ac.uk/english-and-creative-writing-courses/2025-26/september/full-time/english-language-and-literature-ma,https://www.westminster.ac.uk/english-and-creative-writing-courses/2025-26/september/part-time-day/english-language-and-literature-ma
English Literature BA Honours,"Regent, Central London",No_data,3 years,6 years,No_data,"£17,000","£2,830",No_data,"£9,250","£1,540",No_data,No_data,https://www.westminster.ac.uk/english-and-creative-writing-courses/2025-26/september/full-time/english-literature-ba-honours,https://www.westminster.ac.uk/english-and-creative-writing-courses/2025-26/september/part-time-day/english-literature-ba-honours
English Literature and History BA Honours,"Regent, Central London",No_data,3 years,6 years,No_data,"£17,000","£2,830",No_data,"£9,250","£1,540",No_data,No_data,https://www.westminster.ac.uk/english-and-creative-writing-history-courses/2025-26/september/full-time/english-literature-and-history-ba-honours,https://www.westminster.ac.uk/english-and-creative-writing-history-courses/2025-26/september/part-time-day/english-literature-and-history-ba-honours
English Literature and Language BA Honours,"Regent, Central London",No_data,3 years,6 years,No_data,"£17,000","£2,830",No_data,"£9,250","£1,540",No_data,No_data,https://www.westminster.ac.uk/english-and-creative-writing-courses/2025-26/september/full-time/english-literature-and-language-ba-honours,https://www.westminster.ac.uk/english-and-creative-writing-courses/2025-26/september/part-time-day/english-literature-and-language-ba-honours
English Literature and Language with Foundation BA Honours,"Regent, Central London",No_data,4 years,No_data,No_data,"£17,000",No_data,No_data,"£9,250",No_data,No_data,No_data,https://www.westminster.ac.uk/english-and-creative-writing-courses/2025-26/september/full-time/english-literature-and-language-with-foundation-ba-honours,No_data
English Literature with Foundation BA Honours,"Regent, Central London",No_data,4 years,No_data,No_data,"£17,000",No_data,No_data,"£9,250",No_data,No_data,No_data,https://www.westminster.ac.uk/english-and-creative-writing-courses/2025-26/september/full-time/english-literature-with-foundation-ba-honours,No_data
English Literature: Modern and Contemporary Fictions MA,"Regent, Central London",No_data,1 year,2 years,No_data,"£17,500","£8,750",No_data,"£9,700","£4,850",No_data,No_data,https://www.westminster.ac.uk/english-and-creative-writing-courses/2025-26/september/full-time/english-literature-modern-and-contemporary-fictions-ma,https://www.westminster.ac.uk/english-and-creative-writing-courses/2025-26/september/part-time-day/english-literature-modern-and-contemporary-fictions-ma
Entertainment Law LLM,"Regent, Central London",No_data,1 year,2 years,No_data,"£17,500","£8,750",No_data,"£12,700","£6,350",No_data,No_data,https://www.westminster.ac.uk/law-courses/2025-26/september/full-time/entertainment-law-llm,https://www.westminster.ac.uk/law-courses/2025-26/september/part-time-day-evening/entertainment-law-llm
"Entrepreneurship, Innovation and Enterprise Development MSc","Marylebone, Central London",No_data,1 year,No_data,No_data,"£19,500",No_data,No_data,"£16,700",No_data,No_data,No_data,https://www.westminster.ac.uk/business-and-management-courses/2025-26/september/full-time/entrepreneurship-innovation-and-enterprise-development-msc,No_data
European Legal Studies LLB Honours,"Regent, Central London",No_data,4 years,No_data,No_data,"£17,000",No_data,No_data,"£9,250",No_data,No_data,No_data,https://www.westminster.ac.uk/law-courses/2025-26/september/full-time/european-legal-studies-llb-honours,No_data
Event Design and Management MA,"Marylebone, Central London",No_data,1 year,2 years,No_data,"£17,500","£1,985",No_data,"£10,700","£1,225",No_data,No_data,https://www.westminster.ac.uk/tourism-and-events-management-courses/2025-26/september/full-time/event-design-and-management-ma,https://www.westminster.ac.uk/tourism-and-events-management-courses/2025-26/september/part-time-day-evening/event-design-and-management-ma
Expanded Photography MA,"Harrow, North-West London",No_data,1 year,2 years,No_data,"£15,500","£1,785",No_data,"£11,700","£1,325",No_data,No_data,https://www.westminster.ac.uk/art-design-and-visual-culture-courses/2025-26/september/full-time/expanded-photography-ma,https://www.westminster.ac.uk/art-design-and-visual-culture-courses/2025-26/september/part-time-day/expanded-photography-ma
Fashion Business Management MA,"Harrow, North-West London",No_data,1 year,No_data,No_data,"£15,500",No_data,No_data,"£11,700",No_data,No_data,No_data,https://www.westminster.ac.uk/fashion-courses/2025-26/september/full-time/fashion-business-management-ma,No_data
Fashion Business Management with Professional Experience BA Honours,"Harrow, North-West London",No_data,4 years,No_data,No_data,"£17,000",No_data,No_data,"£9,250",No_data,No_data,No_data,https://www.westminster.ac.uk/fashion-courses/2025-26/september/full-time/fashion-business-management-with-professional-experience-ba-honours,No_data
Fashion Design BA Honours,"Harrow, North-West London",No_data,3 or 4 years,No_data,No_data,"£17,000",No_data,No_data,"£9,250",No_data,No_data,No_data,https://www.westminster.ac.uk/art-design-and-visual-culture-fashion-courses/2025-26/september/full-time/fashion-design-ba-honours,No_data
Fashion Marketing and Promotion BA Honours,"Harrow, North-West London",No_data,3 or 4 years,No_data,No_data,"£17,000",No_data,No_data,"£9,250",No_data,No_data,No_data,https://www.westminster.ac.uk/art-design-and-visual-culture-fashion-courses/2025-26/september/full-time/fashion-marketing-and-promotion-ba-honours,No_data
Fashion Photography BA Honours,"Harrow, North-West London",No_data,3 or 4 years,6-7 years,No_data,"£17,000","£2,830",No_data,"£9,250","£1,540",No_data,No_data,https://www.westminster.ac.uk/art-design-and-visual-culture-fashion-media-and-communication-courses/2025-26/september/full-time/fashion-photography-ba-honours,https://www.westminster.ac.uk/art-design-and-visual-culture-fashion-media-and-communication-courses/2025-26/september/part-time-day/fashion-photography-ba-honours
Fashion Photography with Foundation BA Honours,"Harrow, North-West London",No_data,4 or 5 years,No_data,No_data,"£17,000",No_data,No_data,"£9,250",No_data,No_data,No_data,https://www.westminster.ac.uk/art-design-and-visual-culture-fashion-media-and-communication-courses/2025-26/september/full-time/fashion-photography-with-foundation-ba-honours,No_data
Film BA Honours,"Harrow, North-West London",No_data,3 or 4 years,No_data,No_data,"£17,000",No_data,No_data,"£9,250",No_data,No_data,No_data,https://www.westminster.ac.uk/film-and-television-media-and-communication-courses/2025-26/september/full-time/film-ba-honours,No_data
"Film, Television and Moving Image MA","Harrow, North-West London",No_data,1 year,2 years,No_data,"£17,500","£1,985",No_data,"£9,700","£1,125",No_data,No_data,https://www.westminster.ac.uk/film-and-television-courses/2025-26/september/full-time/film-television-and-moving-image-ma,https://www.westminster.ac.uk/film-and-television-courses/2025-26/september/part-time-day-evening/film-television-and-moving-image-ma
FinTech with Business Analytics MSc,"Marylebone, Central London",No_data,1 year,No_data,No_data,"£19,500",No_data,No_data,"£14,700",No_data,No_data,No_data,https://www.westminster.ac.uk/accounting-and-finance-data-science-and-informatics-courses/2025-26/september/full-time/fintech-with-business-analytics-msc,No_data
FinTech with Data Analytics BSc Honours,"Marylebone, Central London",No_data,3 or 4 years,No_data,No_data,"£17,000",No_data,No_data,"£9,250",No_data,No_data,No_data,https://www.westminster.ac.uk/accounting-and-finance-data-science-and-informatics-courses/2025-26/september/full-time/fintech-with-data-analytics-bsc-honours,No_data
Finance (International Finance) MSc,"Marylebone, Central London",No_data,1 year,No_data,No_data,"£15,500",No_data,No_data,"£14,700",No_data,No_data,No_data,https://www.westminster.ac.uk/accounting-and-finance-courses/2025-26/september/full-time/finance-international-finance-msc,No_data
Finance BSc Honours,"Marylebone, Central London",No_data,3 or 4 years,No_data,No_data,"£17,000",No_data,No_data,"£9,250",No_data,No_data,No_data,https://www.westminster.ac.uk/accounting-and-finance-courses/2025-26/september/full-time/finance-bsc-honours,No_data
Finance and Accounting MSc,"Marylebone, Central London",No_data,1 year,No_data,No_data,"£19,500",No_data,No_data,"£14,700",No_data,No_data,No_data,https://www.westminster.ac.uk/accounting-and-finance-courses/2025-26/september/full-time/finance-and-accounting-msc,No_data
Finance and Business Management BA Honours,"Marylebone, Central London",No_data,3 or 4 years,No_data,No_data,"£17,000",No_data,No_data,"£9,250",No_data,No_data,No_data,https://www.westminster.ac.uk/accounting-and-finance-business-and-management-courses/2025-26/september/full-time/finance-and-business-management-ba-honours,No_data
Financial Economics BSc Honours,"Marylebone, Central London",No_data,3 or 4 years,No_data,No_data,"£17,000",No_data,No_data,"£9,250",No_data,No_data,No_data,https://www.westminster.ac.uk/economics-courses/2025-26/september/full-time/financial-economics-bsc-honours,No_data
Fine Art Mixed Media BA Honours,"Harrow, North-West London",No_data,3 or 4 years,4 years,No_data,"£17,000","£2,830",No_data,"£9,250","£1,540",No_data,No_data,https://www.westminster.ac.uk/art-design-and-visual-culture-courses/2025-26/september/full-time/fine-art-mixed-media-ba-honours,https://www.westminster.ac.uk/art-design-and-visual-culture-courses/2025-26/september/part-time-day/fine-art-mixed-media-ba-honours
Fine Art Mixed Media with Foundation BA Honours,"Harrow, North-West London",No_data,4 years,No_data,No_data,"£17,000",No_data,No_data,"£9,250",No_data,No_data,No_data,https://www.westminster.ac.uk/art-design-and-visual-culture-courses/2025-26/september/full-time/fine-art-mixed-media-with-foundation-ba-honours,No_data
French and English BA Honours,"Regent, Central London",No_data,3 or 4 years,5 years,No_data,"£17,000","£2,830",No_data,"£9,250","£1,540",No_data,No_data,https://www.westminster.ac.uk/english-and-creative-writing-languages-courses/2025-26/september/full-time/french-and-english-ba-honours,https://www.westminster.ac.uk/languages-courses/2025-26/september/part-time-day/french-and-english-ba-honours
French and International Business BA Honours,"Regent, Central London",No_data,3 or 4 years,No_data,No_data,"£17,000",No_data,No_data,"£9,250",No_data,No_data,No_data,https://www.westminster.ac.uk/business-and-management-languages-courses/2025-26/september/full-time/french-and-international-business-ba-honours,No_data
French and International Communication BA Honours,"Regent, Central London",No_data,3 or 4 years,No_data,No_data,"£17,000",No_data,No_data,"£9,250",No_data,No_data,No_data,https://www.westminster.ac.uk/languages-courses/2025-26/september/full-time/french-and-international-communication-ba-honours,No_data
French and International Communication with Foundation BA Honours,"Regent, Central London",No_data,4 or 5 years,No_data,No_data,"£17,000",No_data,No_data,"£9,250",No_data,No_data,No_data,https://www.westminster.ac.uk/languages-courses/2025-26/september/full-time/french-and-international-communication-with-foundation-ba-honours,No_data
French and International Relations BA Honours,"Regent, Central London",No_data,3 or 4 years,5 years,No_data,"£17,000","£2,830",No_data,"£9,250","£1,540",No_data,No_data,https://www.westminster.ac.uk/languages-politics-and-international-relations-courses/2025-26/september/full-time/french-and-international-relations-ba-honours,https://www.westminster.ac.uk/languages-politics-and-international-relations-courses/2025-26/september/part-time-day/french-and-international-relations-ba-honours
French and Linguistics BA Honours,"Regent, Central London",No_data,3 or 4 years,5 years,No_data,"£17,000","£2,830",No_data,"£9,250","£1,540",No_data,No_data,https://www.westminster.ac.uk/languages-courses/2025-26/september/full-time/french-and-linguistics-ba-honours,https://www.westminster.ac.uk/languages-courses/2025-26/september/part-time-day/french-and-linguistics-ba-honours
Games Art BA Honours,"Harrow, North-West London",No_data,3 or 4 years,No_data,No_data,"£17,000",No_data,No_data,"£9,250",No_data,No_data,No_data,https://www.westminster.ac.uk/art-design-and-visual-culture-courses/2025-26/september/full-time/games-art-ba-honours,No_data
Global Challenges BA Honours,"Regent, Central London",No_data,3 or 4 years,No_data,No_data,"£17,000",No_data,No_data,"£9,250",No_data,No_data,No_data,https://www.westminster.ac.uk/politics-and-international-relations-courses/2025-26/september/full-time/global-challenges-ba-honours,No_data
Global Contemporary Art MA,"Harrow, North-West London",No_data,1 year,2 years,No_data,"£15,500","£1,785",No_data,"£11,700","£1,325",No_data,No_data,https://www.westminster.ac.uk/art-design-and-visual-culture-courses/2025-26/september/full-time/global-contemporary-art-ma,https://www.westminster.ac.uk/art-design-and-visual-culture-courses/2025-26/september/part-time-day/global-contemporary-art-ma
Global Criminology MA,"Regent, Central London",No_data,1 year,2 years,No_data,"£17,500","£8,750",No_data,"£10,700","£5,350",No_data,No_data,https://www.westminster.ac.uk/criminology-and-sociology-courses/2025-26/september/full-time/global-criminology-ma,https://www.westminster.ac.uk/criminology-and-sociology-courses/2025-26/september/part-time-day/global-criminology-ma
Global Development MA,"Regent, Central London",No_data,1 year,2 years,No_data,"£17,500","£8,750",No_data,"£10,700","£5,350",No_data,No_data,https://www.westminster.ac.uk/politics-and-international-relations-courses/2025-26/september/full-time/global-development-ma,https://www.westminster.ac.uk/politics-and-international-relations-courses/2025-26/september/part-time-day/global-development-ma
Global Media MA,"Harrow, North-West London",No_data,1 year,2 years,No_data,"£17,500","£1,985",No_data,"£9,700","£1,125",No_data,No_data,https://www.westminster.ac.uk/media-and-communication-courses/2025-26/september/full-time/global-media-ma,https://www.westminster.ac.uk/media-and-communication-courses/2025-26/september/part-time-day/global-media-ma
Global Public Health Nutrition MSc,"Cavendish, Central London",No_data,1 year,2 years,No_data,"£17,500","£1,750",No_data,"£10,700","£1,070",No_data,No_data,https://www.westminster.ac.uk/nutrition-and-public-health-courses/2025-26/september/full-time/global-public-health-nutrition-msc,https://www.westminster.ac.uk/nutrition-and-public-health-courses/2025-26/september/part-time-day/global-public-health-nutrition-msc
Global Public Health with Data Science MSc,"Cavendish, Central London",No_data,1 year,2 years,No_data,"£17,500","£8,750",No_data,"£10,700","£5,350",No_data,No_data,https://www.westminster.ac.uk/nutrition-and-public-health-courses/2025-26/september/full-time/global-public-health-with-data-science-msc,https://www.westminster.ac.uk/nutrition-and-public-health-courses/2025-26/september/part-time-day/global-public-health-with-data-science-msc
Global Trade and Business BA Honours,"Marylebone, Central London",No_data,1 year,No_data,No_data,"£17,000",No_data,No_data,"£9,250",No_data,No_data,No_data,https://www.westminster.ac.uk/business-and-management-economics-courses/2025-26/september/full-time/global-trade-and-business-ba-honours,No_data
Graphic Design BA Honours,"Harrow, North-West London",No_data,3 or 4 years,No_data,No_data,"£17,000",No_data,No_data,"£9,250",No_data,No_data,No_data,https://www.westminster.ac.uk/art-design-and-visual-culture-media-and-communication-courses/2025-26/september/full-time/graphic-design-ba-honours,No_data
Graphic Design with Foundation BA Honours,"Harrow, North-West London",No_data,4 or 5 years,No_data,No_data,"£17,000",No_data,No_data,"£9,250",No_data,No_data,No_data,https://www.westminster.ac.uk/art-design-and-visual-culture-media-and-communication-courses/2025-26/september/full-time/graphic-design-with-foundation-ba-honours,No_data
Health Psychology MSc,"Cavendish, Central London",No_data,1 year,2 years,No_data,"£17,500","£8,750",No_data,"£10,700","£5,350",No_data,No_data,https://www.westminster.ac.uk/psychology-courses/2025-26/september/full-time/health-psychology-msc,https://www.westminster.ac.uk/psychology-courses/2025-26/september/part-time-day/health-psychology-msc
Health and Wellbeing MSc,"Cavendish, Central London",No_data,No_data,2 years,No_data,No_data,"£8,750",No_data,No_data,"£5,350",No_data,No_data,No_data,https://www.westminster.ac.uk/nutrition-and-public-health-courses/2025-26/september/part-time-day/health-and-wellbeing-msc
Health and Wellbeing with Professional Experience MSc,"Cavendish, Central London",No_data,2 years,No_data,No_data,"£17,500",No_data,No_data,"£10,700",No_data,No_data,No_data,https://www.westminster.ac.uk/nutrition-and-public-health-courses/2025-26/september/full-time/health-and-wellbeing-with-professional-experience-msc,No_data
History BA Honours,"Regent, Central London",No_data,3 years,5 years,No_data,"£17,000","£2,830",No_data,"£9,250","£1,540",No_data,No_data,https://www.westminster.ac.uk/history-courses/2025-26/september/full-time/history-ba-honours,https://www.westminster.ac.uk/history-courses/2025-26/september/part-time-day/history-ba-honours
History and Politics BA Honours,"Regent, Central London",No_data,3 years,5 years,No_data,"£17,000","£2,830",No_data,"£9,250","£1,540",No_data,No_data,https://www.westminster.ac.uk/history-politics-and-international-relations-courses/2025-26/september/full-time/history-and-politics-ba-honours,https://www.westminster.ac.uk/history-politics-and-international-relations-courses/2025-26/september/part-time-day/history-and-politics-ba-honours
History with Foundation BA Honours,"Regent, Central London",No_data,4 years,No_data,No_data,"£17,000",No_data,No_data,"£9,250",No_data,No_data,No_data,https://www.westminster.ac.uk/history-courses/2025-26/september/full-time/history-with-foundation-ba-honours,No_data
Human Nutrition BSc Honours,"Cavendish, Central London",No_data,3 or 4 years,No_data,No_data,"£17,000",No_data,No_data,"£9,250",No_data,No_data,No_data,https://www.westminster.ac.uk/nutrition-and-public-health-courses/2025-26/september/full-time/human-nutrition-bsc-honours,No_data
Human Nutrition with Foundation BSc Honours,"Cavendish, Central London",No_data,4 or 5 years,No_data,No_data,"£17,000",No_data,No_data,"£9,250",No_data,No_data,No_data,https://www.westminster.ac.uk/nutrition-and-public-health-courses/2025-26/september/full-time/human-nutrition-with-foundation-bsc-honours,No_data
Human Resource Management MA,"Marylebone, Central London",No_data,1 year,2 years,No_data,"£14,500","£7,000",No_data,"£11,700","£5,750",No_data,No_data,https://www.westminster.ac.uk/business-and-management-courses/2025-26/september/full-time/human-resource-management-ma,https://www.westminster.ac.uk/business-and-management-courses/2025-26/september/part-time-evening-only/human-resource-management-ma
Illustration BA Honours,"Harrow, North-West London",No_data,3 or 4 years,No_data,No_data,"£17,000",No_data,No_data,"£9,250",No_data,No_data,No_data,https://www.westminster.ac.uk/art-design-and-visual-culture-media-and-communication-courses/2025-26/september/full-time/illustration-ba-honours,No_data
Illustration with Foundation BA Honours,"Harrow, North-West London",No_data,4 or 5 years,No_data,No_data,"£17,000",No_data,No_data,"£9,250",No_data,No_data,No_data,https://www.westminster.ac.uk/art-design-and-visual-culture-media-and-communication-courses/2025-26/september/full-time/illustration-with-foundation-ba-honours,No_data
Interactive Media Practice MA,"Harrow, North-West London",No_data,1 year,2 years,No_data,"£17,500","£1,985",No_data,"£10,700","£1,225",No_data,No_data,https://www.westminster.ac.uk/art-design-and-visual-culture-computer-science-and-engineering-media-and-communication-courses/2025-26/september/full-time/interactive-media-practice-ma,https://www.westminster.ac.uk/art-design-and-visual-culture-computer-science-and-engineering-media-and-communication-courses/2025-26/september/part-time-day/interactive-media-practice-ma
Interior Architecture BA Honours,"Marylebone, Central London",No_data,3 or 4 years,No_data,No_data,"£17,000",No_data,No_data,"£9,250",No_data,No_data,No_data,https://www.westminster.ac.uk/architecture-interiors-and-urban-design-courses/2025-26/september/full-time/interior-architecture-ba-honours,No_data
Interior Architecture MA,"Marylebone, Central London",No_data,1 year,2 years,No_data,"£17,500","£1,985",No_data,"£9,700","£1,125",No_data,No_data,https://www.westminster.ac.uk/architecture-interiors-and-urban-design-courses/2025-26/september/full-time/interior-architecture-ma,https://www.westminster.ac.uk/architecture-interiors-and-urban-design-courses/2025-26/september/part-time-day-evening/interior-architecture-ma
Interior Architecture with Foundation BA Honours,"Marylebone, Central London",No_data,4 or 5 years,No_data,No_data,"£17,000",No_data,No_data,"£9,250",No_data,No_data,No_data,https://www.westminster.ac.uk/architecture-interiors-and-urban-design-courses/2025-26/september/full-time/interior-architecture-with-foundation-ba-honours,No_data
International Business BA Honours,"Marylebone, Central London",No_data,3 or 4 years,No_data,No_data,"£17,000",No_data,No_data,"£9,250",No_data,No_data,No_data,https://www.westminster.ac.uk/business-and-management-courses/2025-26/september/full-time/international-business-ba-honours,No_data
International Business and Management MSc,"Marylebone, Central London",No_data,1 year,No_data,No_data,"£17,500",No_data,No_data,"£16,700",No_data,No_data,No_data,https://www.westminster.ac.uk/business-and-management-courses/2025-26/september/full-time/international-business-and-management-msc,No_data
International Commercial and Corporate Law LLM,"Regent, Central London",No_data,1 year,2 years,No_data,"£17,500","£8,750",No_data,"£12,700","£6,350",No_data,No_data,https://www.westminster.ac.uk/law-courses/2025-26/september/full-time/international-commercial-and-corporate-law-llm,https://www.westminster.ac.uk/law-courses/2025-26/september/part-time-day-evening/international-commercial-and-corporate-law-llm
International Communication,"Regent, Central London",No_data,1 year,2 years,No_data,"£17,500","£8,750",No_data,"£9,700","£4,850",No_data,No_data,https://www.westminster.ac.uk/languages-courses/2025-26/september/full-time/international-communication-liaison-and-advocacy-ma,https://www.westminster.ac.uk/languages-courses/2025-26/september/part-time-day/international-communication-liaison-and-advocacy-ma
International Development Management MSc,"Marylebone, Central London",No_data,1 year,No_data,No_data,"£13,500",No_data,No_data,"£11,700",No_data,No_data,No_data,https://www.westminster.ac.uk/business-and-management-courses/2025-26/september/full-time/international-development-management-msc,No_data
International Human Resource Management MA,"Marylebone, Central London",No_data,1 year,No_data,No_data,"£14,500",No_data,No_data,"£11,700",No_data,No_data,No_data,https://www.westminster.ac.uk/business-and-management-courses/2025-26/september/full-time/international-human-resource-management-ma,No_data
International Law LLM,"Regent, Central London",No_data,1 year,2 years,No_data,"£17,500","£8,750",No_data,"£12,700","£6,350",No_data,No_data,https://www.westminster.ac.uk/law-courses/2025-26/september/full-time/international-law-llm,https://www.westminster.ac.uk/law-courses/2025-26/september/part-time-day/international-law-llm
International Marketing BA Honours,"Marylebone, Central London",No_data,3 or 4 years,No_data,No_data,"£17,000",No_data,No_data,"£9,250",No_data,No_data,No_data,https://www.westminster.ac.uk/business-and-management-marketing-courses/2025-26/september/full-time/international-marketing-ba-honours,No_data
International Media Business MA,"Harrow, North-West London",No_data,1 year,No_data,No_data,"£17,500",No_data,No_data,"£9,700",No_data,No_data,No_data,https://www.westminster.ac.uk/media-and-communication-courses/2025-26/september/full-time/international-media-business-ma,No_data
International Planning and Sustainable Development MA,"Marylebone, Central London",No_data,1 year,2 years,No_data,"£15,500","£1,785",No_data,"£9,700","£1,125",No_data,No_data,https://www.westminster.ac.uk/architecture-interiors-and-urban-design-courses/2025-26/september/full-time/international-planning-and-sustainable-development-ma,https://www.westminster.ac.uk/architecture-interiors-and-urban-design-courses/2025-26/september/part-time-day-evening/international-planning-and-sustainable-development-ma
International Relations BA Honours,"Regent, Central London",No_data,3 or 4 years,No_data,No_data,"£17,000",No_data,No_data,"£9,250",No_data,No_data,No_data,https://www.westminster.ac.uk/politics-and-international-relations-courses/2025-26/september/full-time/international-relations-ba-honours,No_data
International Relations MA,"Regent, Central London",No_data,1 year,2 years,No_data,"£17,500","£8,750",No_data,"£10,700","£5,350",No_data,No_data,https://www.westminster.ac.uk/politics-and-international-relations-courses/2025-26/september/full-time/international-relations-ma,https://www.westminster.ac.uk/politics-and-international-relations-courses/2025-26/september/part-time-day/international-relations-ma
International Relations and Democratic Politics MA,"Regent, Central London",No_data,1 year,2 years,No_data,"£17,500","£8,750",No_data,"£10,700","£5,350",No_data,No_data,https://www.westminster.ac.uk/politics-and-international-relations-courses/2025-26/september/full-time/international-relations-and-democratic-politics-ma,https://www.westminster.ac.uk/politics-and-international-relations-courses/2025-26/september/part-time-day/international-relations-and-democratic-politics-ma
International Relations and Development BA Honours,"Regent, Central London",No_data,3 or 4 years,No_data,No_data,"£17,000",No_data,No_data,"£9,250",No_data,No_data,No_data,https://www.westminster.ac.uk/politics-and-international-relations-courses/2025-26/september/full-time/international-relations-and-development-ba-honours,No_data
International Relations and Development with Foundation BA Honours,"Regent, Central London",No_data,4 years,No_data,No_data,"£17,000",No_data,No_data,"£9,250",No_data,No_data,No_data,https://www.westminster.ac.uk/politics-and-international-relations-courses/2025-26/september/full-time/international-relations-and-development-with-foundation-ba-honours,No_data
International Relations and Security MA,"Regent, Central London",No_data,1 year,2 years,No_data,"£17,500","£8,750",No_data,"£10,700","£5,350",No_data,No_data,https://www.westminster.ac.uk/politics-and-international-relations-courses/2025-26/september/full-time/international-relations-and-security-ma,https://www.westminster.ac.uk/politics-and-international-relations-courses/2025-26/september/part-time-day/international-relations-and-security-ma
International Relations with Foundation BA Honours,"Regent, Central London",No_data,4 years,No_data,No_data,"£17,000",No_data,No_data,"£9,250",No_data,No_data,No_data,https://www.westminster.ac.uk/politics-and-international-relations-courses/2025-26/september/full-time/international-relations-with-foundation-ba-honours,No_data
International and Commercial Dispute Resolution Law LLM,"Regent, Central London",No_data,1 year,2 years,No_data,"£17,500","£8,750",No_data,"£12,700","£6,350",No_data,No_data,https://www.westminster.ac.uk/law-courses/2025-26/september/full-time/international-and-commercial-dispute-resolution-law-llm,https://www.westminster.ac.uk/law-courses/2025-26/september/part-time-day-evening/international-and-commercial-dispute-resolution-law-llm
Investment and Risk Finance MSc,"Marylebone, Central London",No_data,1 year,No_data,No_data,"£15,500",No_data,No_data,"£14,700",No_data,No_data,No_data,https://www.westminster.ac.uk/accounting-and-finance-courses/2025-26/september/full-time/investment-and-risk-finance-msc,No_data
Languages and Translation BA Honours,"Regent, Central London",No_data,3 years,5 years,No_data,"£17,000","£2,830",No_data,"£9,250","£1,540",No_data,No_data,https://www.westminster.ac.uk/languages-courses/2025-26/september/full-time/languages-and-translation-ba-honours,https://www.westminster.ac.uk/languages-courses/2025-26/september/part-time-day/languages-and-translation-ba-honours
Languages and Translation with Foundation BA Honours,"Regent, Central London",No_data,4 years,No_data,No_data,"£17,000",No_data,No_data,"£9,250",No_data,No_data,No_data,https://www.westminster.ac.uk/languages-courses/2025-26/september/full-time/languages-and-translation-with-foundation-ba-honours,No_data
Law LLB Honours,"Regent, Central London",No_data,3 or 4 years,4 years,No_data,"£17,000","£2,830",No_data,"£9,250","£1,540",No_data,No_data,https://www.westminster.ac.uk/law-courses/2025-26/september/full-time/law-llb-honours,https://www.westminster.ac.uk/law-courses/2025-26/september/part-time-day/law-llb-honours
Law and Criminal Justice LLB,"Regent, Central London",No_data,3 or 4 years,No_data,No_data,"£17,000",No_data,No_data,"£9,250",No_data,No_data,No_data,https://www.westminster.ac.uk/law-courses/2025-26/september/full-time/law-and-criminal-justice-llb,No_data
Law and International Relations LLB,"Regent, Central London",No_data,3 or 4 years,No_data,No_data,"£17,000",No_data,No_data,"£9,250",No_data,No_data,No_data,https://www.westminster.ac.uk/law-politics-and-international-relations-courses/2025-26/september/full-time/law-and-international-relations-llb,No_data
Law and Technology LLM,"Regent, Central London",No_data,1 year,2 years,No_data,"£17,500","£8,750",No_data,"£12,700","£6,350",No_data,No_data,https://www.westminster.ac.uk/law-courses/2025-26/september/full-time/law-and-technology-llm,https://www.westminster.ac.uk/law-courses/2025-26/september/part-time-day/law-and-technology-llm
Law with Foundation LLB Honours,"Regent, Central London",No_data,4 years,No_data,No_data,"£17,000",No_data,No_data,"£9,250",No_data,No_data,No_data,https://www.westminster.ac.uk/law-courses/2025-26/september/full-time/law-with-foundation-llb-honours,No_data
Law with French Law LLB Honours,"Regent, Central London",No_data,4 years,No_data,No_data,"£17,000",No_data,No_data,"£9,250",No_data,No_data,No_data,https://www.westminster.ac.uk/law-courses/2025-26/september/full-time/law-with-french-law-llb-honours,No_data
Legal Practice LLM,"Regent, Central London",No_data,1 year,2 years,No_data,"£15,500","£7,750",No_data,"£14,700","£7,350",No_data,No_data,https://www.westminster.ac.uk/law-courses/2025-26/september/full-time/legal-practice-llm,https://www.westminster.ac.uk/law-courses/2025-26/september/part-time-evening-only/legal-practice-llm
Legal Practice Postgraduate Diploma,"Regent, Central London",No_data,1 year,2 years,No_data,"£13,500","£6,500",No_data,"£12,700","£6,350",No_data,No_data,https://www.westminster.ac.uk/law-courses/2025-26/september/full-time/legal-practice-postgraduate-diploma,https://www.westminster.ac.uk/law-courses/2025-26/september/part-time-evening-only/legal-practice-postgraduate-diploma
Logistics and Supply Chain Management MSc,"Marylebone, Central London",No_data,1 year,2 years,No_data,"£17,500","£1,985",No_data,"£10,700","£1,225",No_data,No_data,https://www.westminster.ac.uk/transport-and-logistics-courses/2025-26/september/full-time/logistics-and-supply-chain-management-msc,https://www.westminster.ac.uk/transport-and-logistics-courses/2025-26/september/part-time-day/logistics-and-supply-chain-management-msc
Management MA,"Marylebone, Central London",No_data,1 year,No_data,No_data,"£17,500",No_data,No_data,"£16,700",No_data,No_data,No_data,https://www.westminster.ac.uk/business-and-management-courses/2025-26/september/full-time/management-ma,No_data
Marketing Communications MA/MSc,"Marylebone, Central London",No_data,1 year,No_data,No_data,"£19,500",No_data,No_data,"£16,700",No_data,No_data,No_data,https://www.westminster.ac.uk/business-and-management-marketing-courses/2025-26/september/full-time/marketing-communications-ma-msc,No_data
Marketing Communications with AI Integration BA Honours,"Marylebone, Central London",No_data,3 or 4 years,No_data,No_data,"£17,000",No_data,No_data,"£9,250",No_data,No_data,No_data,https://www.westminster.ac.uk/business-and-management-marketing-courses/2025-26/september/full-time/marketing-communications-with-ai-integration-ba-honours,No_data
Marketing Management BA Honours,"Marylebone, Central London",No_data,3 or 4 years,No_data,No_data,"£17,000",No_data,No_data,"£9,250",No_data,No_data,No_data,https://www.westminster.ac.uk/business-and-management-marketing-courses/2025-26/september/full-time/marketing-management-ba-honours,No_data
Marketing Management MA/MSc,"Marylebone, Central London",No_data,1 year,No_data,No_data,"£19,500",No_data,No_data,"£16,700",No_data,No_data,No_data,https://www.westminster.ac.uk/business-and-management-marketing-courses/2025-26/september/full-time/marketing-management-ma-msc,No_data
Marketing and Data Analytics BSc Honours,"Marylebone, Central London",No_data,3 or 4 years,No_data,No_data,"£17,000",No_data,No_data,"£9,250",No_data,No_data,No_data,https://www.westminster.ac.uk/marketing-courses/2025-26/september/full-time/marketing-and-data-analytics-bsc-honours,No_data
Master of Architecture (MArch) (RIBA pt II),"Marylebone, Central London",No_data,2 years,No_data,No_data,"£15,500",No_data,No_data,"£9,700",No_data,No_data,No_data,https://www.westminster.ac.uk/architecture-interiors-and-urban-design-courses/2025-26/september/full-time/master-of-architecture-march-riba-pt-ii,No_data
Master of Business Administration (MBA),"Marylebone, Central London",No_data,1 year,No_data,No_data,"£19,500",No_data,No_data,"£16,700",No_data,No_data,No_data,https://www.westminster.ac.uk/business-and-management-courses/2025-26/september/full-time/master-of-business-administration-mba,No_data
Media Management MA,"Harrow, North-West London",No_data,1 year,2 years,No_data,"£17,500","£1,985",No_data,"£9,700","£1,125",No_data,No_data,https://www.westminster.ac.uk/media-and-communication-courses/2025-26/september/full-time/media-management-ma,https://www.westminster.ac.uk/media-and-communication-courses/2025-26/september/part-time-day/media-management-ma
Media and Development MA,"Harrow, North-West London",No_data,1 year,2 years,No_data,"£17,500","£1,985",No_data,"£9,700","£1,125",No_data,No_data,https://www.westminster.ac.uk/media-and-communication-courses/2025-26/september/full-time/media-and-development-ma,https://www.westminster.ac.uk/media-and-communication-courses/2025-26/september/part-time-day/media-and-development-ma
"Media, Campaigning and Social Change MA","Harrow, North-West London",No_data,1 year,2 years,No_data,"£17,500","£1,985",No_data,"£9,700","£1,125",No_data,No_data,https://www.westminster.ac.uk/media-and-communication-courses/2025-26/september/full-time/media-campaigning-and-social-change-ma,https://www.westminster.ac.uk/media-and-communication-courses/2025-26/september/part-time-day-evening/media-campaigning-and-social-change-ma
Medical Sciences BSc Honours,"Cavendish, Central London",No_data,3 or 4 years,No_data,No_data,"£17,000",No_data,No_data,"£9,250",No_data,No_data,No_data,https://www.westminster.ac.uk/biological-and-biomedical-sciences-courses/2025-26/september/full-time/medical-sciences-bsc-honours,No_data
Menswear MA,"Harrow, North-West London",No_data,1 year,No_data,No_data,"£22,500",No_data,No_data,"£11,700",No_data,No_data,No_data,https://www.westminster.ac.uk/fashion-courses/2025-26/september/full-time/menswear-ma,No_data
Menswear with Professional Experience MFA,"Harrow, North-West London",No_data,2 years,No_data,No_data,"£22,500",No_data,No_data,"£11,700",No_data,No_data,No_data,https://www.westminster.ac.uk/fashion-courses/2025-26/september/full-time/menswear-with-professional-experience-mfa,No_data
Multimedia Journalism (Broadcast) MA,"Harrow, North-West London",No_data,1 year,2 years,No_data,"£17,500","£1,985",No_data,"£10,700","£1,225",No_data,No_data,https://www.westminster.ac.uk/media-and-communication-courses/2025-26/september/full-time/multimedia-journalism-broadcast-ma,https://www.westminster.ac.uk/media-and-communication-courses/2025-26/september/part-time-day-evening/multimedia-journalism-broadcast-ma
Multimedia Journalism (Print & Online) MA,"Harrow, North-West London",No_data,1 year,2 years,No_data,"£17,500","£1,985",No_data,"£10,700","£1,225",No_data,No_data,https://www.westminster.ac.uk/media-and-communication-courses/2025-26/september/full-time/multimedia-journalism-print-online-ma,https://www.westminster.ac.uk/media-and-communication-courses/2025-26/september/part-time-day-evening/multimedia-journalism-print-online-ma
"Museums, Galleries and Contemporary Culture MA","Regent, Central London",No_data,1 year,2 years,No_data,"£19,500","£9,140",No_data,"£9,700","£4,500",No_data,No_data,https://www.westminster.ac.uk/art-design-and-visual-culture-courses/2025-26/september/full-time/museums-galleries-and-contemporary-culture-ma,https://www.westminster.ac.uk/art-design-and-visual-culture-courses/2025-26/september/part-time-day/museums-galleries-and-contemporary-culture-ma
"Museums, Galleries and Contemporary Culture with Professional Experience MA","Regent, Central London",No_data,2 years,No_data,No_data,"£19,500",No_data,No_data,"£9,700",No_data,No_data,No_data,https://www.westminster.ac.uk/art-design-and-visual-culture-courses/2025-26/september/full-time/museums-galleries-and-contemporary-culture-with-professional-experience-ma,No_data
Music Business Management MA,"Cavendish, Central London",No_data,1 year,2 years,No_data,"£15,500","£1,785",No_data,"£10,700","£1,225",No_data,No_data,https://www.westminster.ac.uk/music-courses/2025-26/september/full-time/music-business-management-ma,https://www.westminster.ac.uk/music-courses/2025-26/september/part-time-evening-only/music-business-management-ma
"Music Production, Performance and Business BA Honours","Harrow, North-West London",No_data,3 or 4 years,No_data,No_data,"£17,000",No_data,No_data,"£9,250",No_data,No_data,No_data,https://www.westminster.ac.uk/music-courses/2025-26/september/full-time/music-production-performance-and-business-ba-honours,No_data
"Music Production, Performance and Business with Foundation BA Honours","Harrow, North-West London",No_data,4 or 5 years,No_data,No_data,"£17,000",No_data,No_data,"£9,250",No_data,No_data,No_data,https://www.westminster.ac.uk/music-courses/2025-26/september/full-time/music-production-performance-and-business-with-foundation-ba-honours,No_data
Pharmaceutical Science MSc,"Cavendish, Central London",No_data,1 year,2 years,No_data,"£17,600","£1,750",No_data,"£10,700","£1,070",No_data,No_data,https://www.westminster.ac.uk/biological-and-biomedical-sciences-courses/2025-26/september/full-time/pharmaceutical-science-msc,https://www.westminster.ac.uk/biological-and-biomedical-sciences-courses/2025-26/september/part-time-day/pharmaceutical-science-msc
Pharmacology & Physiology BSc Honours,"Cavendish, Central London",No_data,3 or 4 years,No_data,No_data,"£17,000",No_data,No_data,"£9,250",No_data,No_data,No_data,https://www.westminster.ac.uk/biological-and-biomedical-sciences-courses/2025-26/september/full-time/pharmacology-physiology-bsc-honours,No_data
Pharmacology and Physiology with Foundation BSc Honours,"Cavendish, Central London",No_data,4 or 5 years,No_data,No_data,"£17,000",No_data,No_data,"£9,250",No_data,No_data,No_data,https://www.westminster.ac.uk/biological-and-biomedical-sciences-courses/2025-26/september/full-time/pharmacology-and-physiology-with-foundation-bsc-honours,No_data
Photography BA Honours,"Harrow, North-West London",No_data,3 or 4 years,4 years,No_data,"£17,000","£2,830",No_data,"£9,250","£1,540",No_data,No_data,https://www.westminster.ac.uk/art-design-and-visual-culture-courses/2025-26/september/full-time/photography-ba-honours,https://www.westminster.ac.uk/art-design-and-visual-culture-courses/2025-26/september/part-time-day/photography-ba-honours
Photography with Foundation BA Honours,"Harrow, North-West London",No_data,4 or 5 years,No_data,No_data,"£17,000",No_data,No_data,"£9,250",No_data,No_data,No_data,https://www.westminster.ac.uk/art-design-and-visual-culture-courses/2025-26/september/full-time/photography-with-foundation-ba-honours,No_data
Policing BA Honours,"Regent, Central London",No_data,3 or 4 years,No_data,No_data,"£17,000",No_data,No_data,"£9,250",No_data,No_data,No_data,https://www.westminster.ac.uk/law-courses/2025-26/september/full-time/policing-ba-honours,No_data
Politics BA Honours,"Regent, Central London",No_data,3 or 4 years,No_data,No_data,"£17,000",No_data,No_data,"£9,250",No_data,No_data,No_data,https://www.westminster.ac.uk/politics-and-international-relations-courses/2025-26/september/full-time/politics-ba-honours,No_data
Politics and International Relations BA Honours,"Regent, Central London",No_data,3 or 4 years,No_data,No_data,"£17,000",No_data,No_data,"£9,250",No_data,No_data,No_data,https://www.westminster.ac.uk/politics-and-international-relations-courses/2025-26/september/full-time/politics-and-international-relations-ba-honours,No_data
Politics and International Relations with Foundation BA Honours,"Regent, Central London",No_data,4 years,No_data,No_data,"£17,000",No_data,No_data,"£9,250",No_data,No_data,No_data,https://www.westminster.ac.uk/politics-and-international-relations-courses/2025-26/september/full-time/politics-and-international-relations-with-foundation-ba-honours,No_data
Politics with Foundation BA Honours,"Regent, Central London",No_data,4 years,No_data,No_data,"£17,000",No_data,No_data,"£9,250",No_data,No_data,No_data,https://www.westminster.ac.uk/politics-and-international-relations-courses/2025-26/september/full-time/politics-with-foundation-ba-honours,No_data
Professional Legal Practice Postgraduate Diploma,"Regent, Central London",No_data,1 year,2 years,No_data,"£13,000","£6,500",No_data,"£12,700","£6,350",No_data,No_data,https://www.westminster.ac.uk/law-courses/2025-26/september/full-time/professional-legal-practice-postgraduate-diploma,https://www.westminster.ac.uk/law-courses/2025-26/september/part-time-day/professional-legal-practice-postgraduate-diploma
Professional Writing MA,"Regent, Central London",No_data,1 year,2 years,No_data,"£17,500","£8,750",No_data,"£9,700","£4,850",No_data,No_data,https://www.westminster.ac.uk/english-and-creative-writing-courses/2025-26/september/full-time/professional-writing-ma,https://www.westminster.ac.uk/english-and-creative-writing-courses/2025-26/september/part-time-day/professional-writing-ma
Professional Writing with Extended Work Placement MA,"Regent, Central London",No_data,2 years,No_data,No_data,"£17,500",No_data,No_data,"£9,700",No_data,No_data,No_data,https://www.westminster.ac.uk/english-and-creative-writing-courses/2025-26/september/full-time/professional-writing-with-extended-work-placement-ma,No_data
Project Management MSc,"Marylebone, Central London",No_data,1 year,No_data,No_data,"£19,500",No_data,No_data,"£16,700",No_data,No_data,No_data,https://www.westminster.ac.uk/business-and-management-courses/2025-26/september/full-time/project-management-msc,No_data
Psychology BSc Honours,"Cavendish, Central London",No_data,3 or 4 years,No_data,No_data,"£17,000",No_data,No_data,"£9,250",No_data,No_data,No_data,https://www.westminster.ac.uk/psychology-courses/2025-26/september/full-time/psychology-bsc-honours,No_data
Psychology MSc,"Cavendish, Central London",No_data,1 year,2 years,No_data,"£17,500","£8,750",No_data,"£10,700","£5,350",No_data,No_data,https://www.westminster.ac.uk/psychology-courses/2025-26/september/full-time/psychology-msc,https://www.westminster.ac.uk/psychology-courses/2025-26/september/part-time-day/psychology-msc
Psychology and Counselling BSc Honours,"Cavendish, Central London",No_data,3 or 4 years,No_data,No_data,"£17,000",No_data,No_data,"£9,250",No_data,No_data,No_data,https://www.westminster.ac.uk/psychology-courses/2025-26/september/full-time/psychology-and-counselling-bsc-honours,No_data
Psychology and Counselling with Foundation BSc Honours,"Cavendish, Central London",No_data,4 or 5 years,No_data,No_data,"£17,000",No_data,No_data,"£9,250",No_data,No_data,No_data,https://www.westminster.ac.uk/psychology-courses/2025-26/september/full-time/psychology-and-counselling-with-foundation-bsc-honours,No_data
Psychology and Criminology BSc Honours,"Regent, Central London",No_data,3 or 4 years,No_data,No_data,"£17,000",No_data,No_data,"£9,250",No_data,No_data,No_data,https://www.westminster.ac.uk/criminology-and-sociology-psychology-courses/2025-26/september/full-time/psychology-and-criminology-bsc-honours,No_data
Psychology with Foundation BSc Honours,"Cavendish, Central London",No_data,4 or 5 years,No_data,No_data,"£17,000",No_data,No_data,"£9,250",No_data,No_data,No_data,https://www.westminster.ac.uk/psychology-courses/2025-26/september/full-time/psychology-with-foundation-bsc-honours,No_data
Public Health BSc Honours,"Cavendish, Central London",No_data,3 or 4 years,No_data,No_data,"£17,000",No_data,No_data,"£9,250",No_data,No_data,No_data,https://www.westminster.ac.uk/nutrition-and-public-health-courses/2025-26/september/full-time/public-health-bsc-honours,No_data
Public Relations MA,"Harrow, North-West London",No_data,1 year,2 years,No_data,"£17,500","£1,985",No_data,"£9,700","£1,125",No_data,No_data,https://www.westminster.ac.uk/media-and-communication-courses/2025-26/september/full-time/public-relations-ma,https://www.westminster.ac.uk/media-and-communication-courses/2025-26/september/part-time-day/public-relations-ma
Quantity Surveying and Commercial Management BSc Honours,"Marylebone, Central London",No_data,3 or 4 years,No_data,No_data,"£17,000",No_data,No_data,"£9,250",No_data,No_data,No_data,https://www.westminster.ac.uk/construction-surveying-and-real-estate-courses/2025-26/september/full-time/quantity-surveying-and-commercial-management-bsc-honours,No_data
Quantity Surveying and Commercial Management with Foundation BSc Honours,"Marylebone, Central London",No_data,4 or 5 years,No_data,No_data,"£17,000",No_data,No_data,"£9,250",No_data,No_data,No_data,https://www.westminster.ac.uk/construction-surveying-and-real-estate-courses/2025-26/september/full-time/quantity-surveying-and-commercial-management-with-foundation-bsc-honours,No_data
Real Estate BSc Honours,"Marylebone, Central London",No_data,3 or 4 years,No_data,No_data,"£17,000",No_data,No_data,"£9,250",No_data,No_data,No_data,https://www.westminster.ac.uk/construction-surveying-and-real-estate-courses/2025-26/september/full-time/real-estate-bsc-honours,No_data
Real Estate Development MSc,"Marylebone, Central London",No_data,1 year,No_data,No_data,"£17,500",No_data,No_data,"£14,700",No_data,No_data,No_data,https://www.westminster.ac.uk/construction-surveying-and-real-estate-courses/2025-26/september/full-time/real-estate-development-msc,No_data
Real Estate with Foundation BSc Honours,"Marylebone, Central London",No_data,4 or 5 years,No_data,No_data,"£17,000",No_data,No_data,"£9,250",No_data,No_data,No_data,https://www.westminster.ac.uk/construction-surveying-and-real-estate-courses/2025-26/september/full-time/real-estate-with-foundation-bsc-honours,No_data
Social Media and Digital Communication MA,"Harrow, North-West London",No_data,1 year,2 years,No_data,"£17,500","£1,985",No_data,"£9,700","£1,125",No_data,No_data,https://www.westminster.ac.uk/media-and-communication-courses/2025-26/september/full-time/social-media-and-digital-communication-ma,https://www.westminster.ac.uk/media-and-communication-courses/2025-26/september/part-time-day/social-media-and-digital-communication-ma
Sociology BA Honours,"Regent, Central London",No_data,3 or 4 years,4 years,No_data,"£17,000","£2,830",No_data,"£9,250","£1,540",No_data,No_data,https://www.westminster.ac.uk/criminology-and-sociology-courses/2025-26/september/full-time/sociology-ba-honours,https://www.westminster.ac.uk/criminology-and-sociology-courses/2025-26/september/part-time-day/sociology-ba-honours
Sociology and Criminology BA Honours,"Regent, Central London",No_data,3 or 4 years,4 years,No_data,"£17,000","£2,830",No_data,"£9,250","£1,540",No_data,No_data,https://www.westminster.ac.uk/criminology-and-sociology-courses/2025-26/september/full-time/sociology-and-criminology-ba-honours,https://www.westminster.ac.uk/criminology-and-sociology-courses/2025-26/september/part-time-day/sociology-and-criminology-ba-honours
Sociology with Foundation BA Honours,"Regent, Central London",No_data,4 or 5 years,No_data,No_data,"£17,000",No_data,No_data,"£9,250",No_data,No_data,No_data,https://www.westminster.ac.uk/criminology-and-sociology-courses/2025-26/september/full-time/sociology-with-foundation-ba-honours,No_data
Software Engineering (Conversion) MSc,"Cavendish, Central London",No_data,1 year,2 years,No_data,"£17,500","£1,985",No_data,"£10,700","£1,225",No_data,No_data,https://www.westminster.ac.uk/computer-science-and-engineering-courses/2025-26/september/full-time/software-engineering-conversion-msc,https://www.westminster.ac.uk/computer-science-and-engineering-courses/2025-26/september/part-time-day/software-engineering-conversion-msc
Software Engineering BEng Honours,"Cavendish, Central London",No_data,3 or 4 years,No_data,No_data,"£17,000",No_data,No_data,"£9,250",No_data,No_data,No_data,https://www.westminster.ac.uk/computer-science-and-engineering-courses/2025-26/september/full-time/software-engineering-beng-honours,No_data
Software Engineering with Electronics BEng Honours,"Cavendish, Central London",No_data,3 or 4 years,No_data,No_data,"£17,000",No_data,No_data,"£9,250",No_data,No_data,No_data,https://www.westminster.ac.uk/computer-science-and-engineering-courses/2025-26/september/full-time/software-engineering-with-electronics-beng-honours,No_data
Software Engineering with Electronics with Foundation BEng Honours,"Cavendish, Central London",No_data,4 or 5 years,No_data,No_data,"£17,000",No_data,No_data,"£9,250",No_data,No_data,No_data,https://www.westminster.ac.uk/computer-science-and-engineering-courses/2025-26/september/full-time/software-engineering-with-electronics-with-foundation-beng-honours,No_data
Software Engineering with Foundation BEng Honours,"Cavendish, Central London",No_data,4 or 5 years,No_data,No_data,"£17,000",No_data,No_data,"£9,250",No_data,No_data,No_data,https://www.westminster.ac.uk/computer-science-and-engineering-courses/2025-26/september/full-time/software-engineering-with-foundation-beng-honours,No_data
Spanish and English BA Honours,"Regent, Central London",No_data,3 or 4 years,5 years,No_data,"£17,000","£2,830",No_data,"£9,250","£1,540",No_data,No_data,https://www.westminster.ac.uk/english-and-creative-writing-languages-courses/2025-26/september/full-time/spanish-and-english-ba-honours,https://www.westminster.ac.uk/languages-courses/2025-26/september/part-time-day/spanish-and-english-ba-honours
Spanish and International Business BA Honours,"Regent, Central London",No_data,3 or 4 years,No_data,No_data,"£17,000",No_data,No_data,"£9,250",No_data,No_data,No_data,https://www.westminster.ac.uk/business-and-management-languages-courses/2025-26/september/full-time/spanish-and-international-business-ba-honours,No_data
Spanish and International Communication BA Honours,"Regent, Central London",No_data,3 or 4 years,No_data,No_data,"£17,000",No_data,No_data,"£9,250",No_data,No_data,No_data,https://www.westminster.ac.uk/languages-courses/2025-26/september/full-time/spanish-and-international-communication-ba-honours,No_data
Spanish and International Communication with Foundation BA Honours,"Regent, Central London",No_data,4 or 5 years,No_data,No_data,"£17,000",No_data,No_data,"£9,250",No_data,No_data,No_data,https://www.westminster.ac.uk/languages-courses/2025-26/september/full-time/spanish-and-international-communication-with-foundation-ba-honours,No_data
Spanish and International Relations BA Honours,"Regent, Central London",No_data,3 or 4 years,5 years,No_data,"£17,000","£2,830",No_data,"£9,250","£1,540",No_data,No_data,https://www.westminster.ac.uk/languages-politics-and-international-relations-courses/2025-26/september/full-time/spanish-and-international-relations-ba-honours,https://www.westminster.ac.uk/languages-politics-and-international-relations-courses/2025-26/september/part-time-day/spanish-and-international-relations-ba-honours
Spanish and Linguistics BA Honours,"Regent, Central London",No_data,3 or 4 years,5 years,No_data,"£17,000","£2,830",No_data,"£9,250","£1,540",No_data,No_data,https://www.westminster.ac.uk/languages-courses/2025-26/september/full-time/spanish-and-linguistics-ba-honours,https://www.westminster.ac.uk/languages-courses/2025-26/september/part-time-day/spanish-and-linguistics-ba-honours
Specialised Translation MA,"Regent, Central London",No_data,1 year,2 years,No_data,"£17,500","£8,750",No_data,"£9,700","£4,850",No_data,No_data,https://www.westminster.ac.uk/languages-courses/2025-26/september/full-time/specialised-translation-ma,https://www.westminster.ac.uk/languages-courses/2025-26/september/part-time-day/specialised-translation-ma
Specialised Translation with Professional Experience MA,"Regent, Central London",No_data,2 years,No_data,No_data,"£17,500",No_data,No_data,"£9,700",No_data,No_data,No_data,https://www.westminster.ac.uk/languages-courses/2025-26/september/full-time/specialised-translation-with-professional-experience-ma,No_data
Sport and Exercise Nutrition MSc,"Cavendish, Central London",No_data,1 year,2 years,No_data,"£17,500","£1,750",No_data,"£10,700","£1,070",No_data,No_data,https://www.westminster.ac.uk/nutrition-and-public-health-courses/2025-26/september/full-time/sport-and-exercise-nutrition-msc,https://www.westminster.ac.uk/nutrition-and-public-health-courses/2025-26/september/part-time-day/sport-and-exercise-nutrition-msc
Sports Management BA Honours,"Marylebone, Central London",No_data,3 or 4 years,No_data,No_data,"£17,000",No_data,No_data,"£9,250",No_data,No_data,No_data,https://www.westminster.ac.uk/business-and-management-courses/2025-26/september/full-time/sports-management-ba-honours,No_data
Sustainability Management and Innovation MSc,"Marylebone, Central London",No_data,1 year,No_data,No_data,"£17,500",No_data,No_data,"£12,700",No_data,No_data,No_data,https://www.westminster.ac.uk/business-and-management-courses/2025-26/september/full-time/sustainability-management-and-innovation-msc,No_data
Sustainable Business Management BA Honours,"Marylebone, Central London",No_data,3 or 4 years,No_data,No_data,"£17,000",No_data,No_data,"£9,250",No_data,No_data,No_data,https://www.westminster.ac.uk/business-and-management-courses/2025-26/september/full-time/sustainable-business-management-ba-honours,No_data
Teaching English to Speakers of Other Languages (TESOL) MA,"Regent, Central London",No_data,1 year,2 years,No_data,"£10,000","£8,750",No_data,"£10,000","£4,850",No_data,No_data,https://www.westminster.ac.uk/english-and-creative-writing-courses/2025-26/september/open-distance-learning-full-time/teaching-english-to-speakers-of-other-languages-tesol-ma,https://www.westminster.ac.uk/english-and-creative-writing-courses/2025-26/september/part-time-day/teaching-english-to-speakers-of-other-languages-tesol-ma
Television Production BA Honours,"Harrow, North-West London",No_data,3 or 4 years,No_data,No_data,"£17,000",No_data,No_data,"£9,250",No_data,No_data,No_data,https://www.westminster.ac.uk/film-and-television-media-and-communication-courses/2025-26/september/full-time/television-production-ba-honours,No_data
Tourism Management MA,"Marylebone, Central London",No_data,1 year,2 years,No_data,"£17,500","£1,985",No_data,"£10,700","£1,225",No_data,No_data,https://www.westminster.ac.uk/tourism-and-events-management-courses/2025-26/september/full-time/tourism-management-ma,https://www.westminster.ac.uk/tourism-and-events-management-courses/2025-26/september/part-time-day/tourism-management-ma
Translation and Interpreting MA,"Regent, Central London",No_data,1 year,2 years,No_data,"£17,500","£9,750",No_data,"£11,700","£5,850",No_data,No_data,https://www.westminster.ac.uk/languages-courses/2025-26/september/full-time/translation-and-interpreting-ma,https://www.westminster.ac.uk/languages-courses/2025-26/september/part-time-day/translation-and-interpreting-ma
Translation and Interpreting with Professional Experience MA,"Regent, Central London",No_data,2 years,No_data,No_data,"£19,500",No_data,No_data,"£11,700",No_data,No_data,No_data,https://www.westminster.ac.uk/languages-courses/2025-26/september/full-time/translation-and-interpreting-with-professional-experience-ma,No_data
Transport Planning MSc,"Marylebone, Central London",No_data,1 year,2 years,No_data,"£15,500","£1,785",No_data,"£9,700","£1,125",No_data,No_data,https://www.westminster.ac.uk/transport-and-logistics-courses/2025-26/september/full-time/transport-planning-msc,https://www.westminster.ac.uk/transport-and-logistics-courses/2025-26/september/part-time-day-release/transport-planning-msc
Urban Design MA,"Marylebone, Central London",No_data,1 year,2 years,No_data,"£15,500","£1,785",No_data,"£9,700","£1,125",No_data,No_data,https://www.westminster.ac.uk/architecture-interiors-and-urban-design-courses/2025-26/september/full-time/urban-design-ma,https://www.westminster.ac.uk/architecture-interiors-and-urban-design-courses/2025-26/september/part-time-day/urban-design-ma
Urban Design Postgraduate Certificate,"Marylebone, Central London",No_data,No_data,1 year,No_data,No_data,"£5,355",No_data,No_data,"£3,375",No_data,No_data,No_data,https://www.westminster.ac.uk/architecture-interiors-and-urban-design-courses/2025-26/september/part-time-day-release/urban-design-postgraduate-certificate
Urban Design Postgraduate Diploma,"Marylebone, Central London",No_data,1 year,2 years,No_data,"£10,750","£1,785",No_data,"£6,750","£1,125",No_data,No_data,https://www.westminster.ac.uk/architecture-interiors-and-urban-design-courses/2025-26/september/full-time/urban-design-postgraduate-diploma,https://www.westminster.ac.uk/architecture-interiors-and-urban-design-courses/2025-26/september/part-time-day/urban-design-postgraduate-diploma
Urban Planning and Design BA Honours,"Marylebone, Central London",No_data,3 or 4 years,No_data,No_data,"£17,000",No_data,No_data,"£9,250",No_data,No_data,No_data,https://www.westminster.ac.uk/architecture-interiors-and-urban-design-courses/2025-26/september/full-time/urban-planning-and-design-ba-honours,No_data
Urban Planning and Design with Foundation BA Honours,"Marylebone, Central London",No_data,4 or 5 years,No_data,No_data,"£17,000",No_data,No_data,"£9,250",No_data,No_data,No_data,https://www.westminster.ac.uk/architecture-interiors-and-urban-design-courses/2025-26/september/full-time/urban-planning-and-design-with-foundation-ba-honours,No_data
Urban and Regional Planning MA,"Marylebone, Central London",No_data,1 year,2 years,No_data,"£15,500","£1,785",No_data,"£9,700","£1,125",No_data,No_data,https://www.westminster.ac.uk/architecture-interiors-and-urban-design-courses/2025-26/september/full-time/urban-and-regional-planning-ma,https://www.westminster.ac.uk/architecture-interiors-and-urban-design-courses/2025-26/september/part-time-day-release/urban-and-regional-planning-ma
